<?xml version="1.0"?>
<doc>
    <assembly>
        <name>WebAPI</name>
    </assembly>
    <members>
        <member name="M:WebAPI.Controllers.AuthController.Login(DTO.UserManagement.LoginRequestDTO)">
            <summary>
            Created By : Ajay
            Description : This funtion is used to login and it return you back userinformation with JWT token.
            </summary>
            <param name="requestDTO"></param>
            <returns></returns>
        </member>
        <member name="T:WebAPI.Controllers.SampleCRUDController">
            <summary>
            Created By : Ajay
            Description : All funtion is accessible after you pass bearer token. You can pass token after click on lock symbol.
            </summary>
        </member>
        <member name="M:WebAPI.Controllers.SampleCRUDController.Get">
            <summary>
            Created By : Ajay
            Description : This funtion is accessible after you pass bearer token. You can pass token after click on lock symbol.
            </summary>
            <returns></returns>
        </member>
        <member name="M:WebAPI.Controllers.SampleCRUDController.AddEmployee(DTO.Employee.CreateEmployeeDto)">
            <summary>
            Created By : Ajay
            Description : This funtion is accessible after you pass bearer token. You can pass token after click on lock symbol.
            </summary>
            <param name="createEmployeeDto"></param>
            <returns></returns>
        </member>
    </members>
</doc>
